floorsRef,_id,title,location,zone,deviceUUID,rawLocation,rawZone,user,uid,application,role,created,timezone,rawDistance,createdAt,updatedAt,sequenceId,search,__v,gps.movementType.confidence,gps.movementType.type,gps.reverseGeocoded.houseNumber,gps.reverseGeocoded.road,gps.reverseGeocoded.county,gps.reverseGeocoded.state,gps.reverseGeocoded.postcode,gps.reverseGeocoded.country,gps.reverseGeocoded.countryCode,gps.reverseGeocoded.label,gps.reverseGeocoded.shortLabel,gps.floorsRef,gps.geometry.coordinates,gps.geometry.type,entry.formGroups,entry.relations,entry.summaryFields,area.location.center.type,area.location.center.coordinates,area.location.name,area.location.id,area.point.center.coordinates,area.point.center.type,area.point.name,area.point.id,area.ids,area.floorsRef,area.label,area.shortLabel,area.center.coordinates,area.center.type,area.location-group,files.pdf.path,files.pdf.timestamp,rawGps.movementType.confidence,rawGps.movementType.type,rawGps.floorsRef,rawGps.geometry.coordinates,rawGps.geometry.properties.movementType.confidence,rawGps.geometry.properties.movementType.type,rawGps.geometry.type,task._id,task.name
[],65e0e347d8fc002a8df05c09,IDF/Server Room Tasks,648a2d470854666c3a9067d8,64baf17e836cd935de08c86a,F6B1B682-DC40-4E48-B3C6-51F031BA1747,648a2d470854666c3a9067d8,64baf17e836cd935de08c86a,64b157f4f6f8cdfe96966d68,clt7nm6ii002b0b2mjniusnns,64788f940b7634da94ffdcbd,64788f940b763433c9ffdcc2,2024-02-29T20:04:23.433Z,America/New_York,0.027144023138778686,2024-02-29T20:04:23.501Z,2024-02-29T20:04:25.216Z,00002224,IDF/Server Room Tasks 00002224,0,100,on_foot,3612,Powhatan Road,Johnston County,North Carolina,27527,USA,us,"Powhatan Road, North Carolina","Powhatan Road, North Carolina",[],"[-78.40997513520053, 35.6200378007629]",Point,"[{'repeatable': 1, '_id': '64b99f270a92a5333e203675', 'fieldGroups': [{'_id': '64b99f270a92a5a806203676', 'fields': [{'validation': {'enum': []}, '_id': '64b99f270a92a5093b203677', 'label': 'Dust', 'fieldtype': 'switch', 'options': {'required': False, 'showOnRead': True, 'summary': False}, 'value': True}, {'validation': {'enum': []}, '_id': '64b99f270a92a50415203678', 'label': 'Sweep/Mop', 'fieldtype': 'switch', 'options': {'showOnRead': True, 'required': False, 'summary': False}, 'value': True}]}], 'canSkip': False, 'label': 'IDF/Server Room Tasks'}]",[],[],Point,"[-78.4103535, 35.619236]",Novo Nordisk - IFP,648a2d47085466793e9067d0,"[-78.40997513520053, 35.6200378007629]",Point,IDF/Server Room (9.44),64baf17e836cd93fba08c834,"['648a2d47085466793e9067d0', '64baf17e836cd93fba08c834']",[],IDF/Server Room (9.44) - Novo Nordisk - IFP,IDF/Server Room (9.44),"[-78.40997513520053, 35.6200378007629]",Point,[],64788f940b7634da94ffdcbd/pdfs/2024-02-29/1709237064557-task-65e0e347d8fc002a8df05c09.pdf,2024-02-29T20:04:25.216Z,100,on_foot,[],"[-78.41013453250216, 35.62024468541415]",100,on_foot,Point,64b99f270a92a54428203674,IDF/Server Room Tasks
[],65e0e1b1d8fc001837ee7d04,IDF/Server Room Tasks,648a2d470854666c3a9067d8,64be9eb64f3c586a3d228990,F6B1B682-DC40-4E48-B3C6-51F031BA1747,648a2d470854666c3a9067d8,64be9eb64f3c586a3d228990,64b157f4f6f8cdfe96966d68,clt7ndhgn00290b2mtw0aygs8,64788f940b7634da94ffdcbd,64788f940b763433c9ffdcc2,2024-02-29T19:57:37.574Z,America/New_York,0.028031418543886678,2024-02-29T19:57:37.586Z,2024-02-29T19:57:39.104Z,00002223,IDF/Server Room Tasks 00002223,0,100,on_foot,3612,Powhatan Road,Johnston County,North Carolina,27527,USA,us,"Powhatan Road, North Carolina","Powhatan Road, North Carolina",[],"[-78.41074742278353, 35.61805011898424]",Point,"[{'repeatable': 1, '_id': '64b99f270a92a5333e203675', 'fieldGroups': [{'_id': '64b99f270a92a5a806203676', 'fields': [{'validation': {'enum': []}, '_id': '64b99f270a92a5093b203677', 'label': 'Dust', 'fieldtype': 'switch', 'options': {'required': False, 'showOnRead': True, 'summary': False}, 'value': True}, {'validation': {'enum': []}, '_id': '64b99f270a92a50415203678', 'label': 'Sweep/Mop', 'fieldtype': 'switch', 'options': {'showOnRead': True, 'required': False, 'summary': False}, 'value': True}]}], 'canSkip': False, 'label': 'IDF/Server Room Tasks'}]",[],[],Point,"[-78.4103535, 35.619236]",Novo Nordisk - IFP,648a2d47085466793e9067d0,"[-78.41074742278353, 35.61805011898424]",Point,IDF/Server Room (2.24/2.25),64be9eb54f3c586e8a228858,"['648a2d47085466793e9067d0', '64be9eb54f3c586e8a228858']",[],IDF/Server Room (2.24/2.25) - Novo Nordisk - IFP,IDF/Server Room (2.24/2.25),"[-78.41074742278353, 35.61805011898424]",Point,[],64788f940b7634da94ffdcbd/pdfs/2024-02-29/1709236658419-task-65e0e1b1d8fc001837ee7d04.pdf,2024-02-29T19:57:39.104Z,100,on_foot,[],"[-78.41044597402372, 35.61799096218983]",100,on_foot,Point,64b99f270a92a54428203674,IDF/Server Room Tasks
[],65e0948dd8fc005a7289abec,IDF/Server Room Tasks,648a2d470854666c3a9067d8,64baeccb51f8f11196bc9f15,F6B1B682-DC40-4E48-B3C6-51F031BA1747,648a2d470854666c3a9067d8,64baeccb51f8f11196bc9f15,64b157f4f6f8cdfe96966d68,clt7bm7s500270b2mw9shquue,64788f940b7634da94ffdcbd,64788f940b763433c9ffdcc2,2024-02-29T14:28:29.935Z,America/New_York,0.016721950989235557,2024-02-29T14:28:30.076Z,2024-02-29T14:28:31.859Z,00002222,IDF/Server Room Tasks 00002222,0,100,on_foot,3612,Powhatan Road,Johnston County,North Carolina,27527,USA,us,"Powhatan Road, North Carolina","Powhatan Road, North Carolina",[],"[-78.41108143329622, 35.61822798593868]",Point,"[{'repeatable': 1, '_id': '64b99f270a92a5333e203675', 'fieldGroups': [{'_id': '64b99f270a92a5a806203676', 'fields': [{'validation': {'enum': []}, '_id': '64b99f270a92a5093b203677', 'label': 'Dust', 'fieldtype': 'switch', 'options': {'required': False, 'showOnRead': True, 'summary': False}, 'value': True}, {'validation': {'enum': []}, '_id': '64b99f270a92a50415203678', 'label': 'Sweep/Mop', 'fieldtype': 'switch', 'options': {'showOnRead': True, 'required': False, 'summary': False}, 'value': True}]}], 'canSkip': False, 'label': 'IDF/Server Room Tasks'}]",[],[],Point,"[-78.4103535, 35.619236]",Novo Nordisk - IFP,648a2d47085466793e9067d0,"[-78.41108143329622, 35.61822798593868]",Point,IDF/Server Room (1.92),64baecca51f8f13651bc9d4f,"['648a2d47085466793e9067d0', '64baecca51f8f13651bc9d4f']",[],IDF/Server Room (1.92) - Novo Nordisk - IFP,IDF/Server Room (1.92),"[-78.41108143329622, 35.61822798593868]",Point,[],64788f940b7634da94ffdcbd/pdfs/2024-02-29/1709216911085-task-65e0948dd8fc005a7289abec.pdf,2024-02-29T14:28:31.859Z,100,on_foot,[],"[-78.4112484951657, 35.61816339713522]",100,on_foot,Point,64b99f270a92a54428203674,IDF/Server Room Tasks
[],65e093e2d8fc0022ae88b40e,IDF/Server Room Tasks,648a2d470854666c3a9067d8,64baec1994b97f0c7e941116,F6B1B682-DC40-4E48-B3C6-51F031BA1747,648a2d470854666c3a9067d8,64baec1994b97f0c7e941116,64b157f4f6f8cdfe96966d68,clt7bijra00230b2mm0xk9xya,64788f940b7634da94ffdcbd,64788f940b763433c9ffdcc2,2024-02-29T14:25:38.774Z,America/New_York,0.015305709077005682,2024-02-29T14:25:39.008Z,2024-02-29T14:25:40.968Z,00002220,IDF/Server Room Tasks 00002220,0,100,on_foot,3612,Powhatan Road,Johnston County,North Carolina,27527,USA,us,"Powhatan Road, North Carolina","Powhatan Road, North Carolina",[],"[-78.41074477415533, 35.618627695029964]",Point,"[{'repeatable': 1, '_id': '64b99f270a92a5333e203675', 'fieldGroups': [{'_id': '64b99f270a92a5a806203676', 'fields': [{'validation': {'enum': []}, '_id': '64b99f270a92a5093b203677', 'label': 'Dust', 'fieldtype': 'switch', 'options': {'required': False, 'showOnRead': True, 'summary': False}, 'value': True}, {'validation': {'enum': []}, '_id': '64b99f270a92a50415203678', 'label': 'Sweep/Mop', 'fieldtype': 'switch', 'options': {'showOnRead': True, 'required': False, 'summary': False}, 'value': True}]}], 'canSkip': False, 'label': 'IDF/Server Room Tasks'}]",[],[],Point,"[-78.4103535, 35.619236]",Novo Nordisk - IFP,648a2d47085466793e9067d0,"[-78.41074477415533, 35.618627695029964]",Point,IDF/Server Room (1.53),64baec1994b97f4bf19410e5,"['648a2d47085466793e9067d0', '64baec1994b97f4bf19410e5']",[],IDF/Server Room (1.53) - Novo Nordisk - IFP,IDF/Server Room (1.53),"[-78.41074477415533, 35.618627695029964]",Point,[],64788f940b7634da94ffdcbd/pdfs/2024-02-29/1709216740329-task-65e093e2d8fc0022ae88b40e.pdf,2024-02-29T14:25:40.968Z,100,on_foot,[],"[-78.41071187706324, 35.618762719617806]",100,on_foot,Point,64b99f270a92a54428203674,IDF/Server Room Tasks
[],65e09315d8fc00f3b0878b5b,IDF/Server Room Tasks,648a2d470854666c3a9067d8,64baec8751f8f134b4bc4362,F6B1B682-DC40-4E48-B3C6-51F031BA1747,648a2d470854666c3a9067d8,64baec8751f8f134b4bc4362,64b157f4f6f8cdfe96966d68,clt7be5cc001x0b2m38vd42mi,64788f940b7634da94ffdcbd,64788f940b763433c9ffdcc2,2024-02-29T14:22:13.199Z,America/New_York,0.005078648994342974,2024-02-29T14:22:13.238Z,2024-02-29T14:22:14.730Z,00002217,IDF/Server Room Tasks 00002217,0,100,still,3612,Powhatan Road,Johnston County,North Carolina,27527,USA,us,"Powhatan Road, North Carolina","Powhatan Road, North Carolina",[],"[-78.41028749942781, 35.61856375617043]",Point,"[{'repeatable': 1, '_id': '64b99f270a92a5333e203675', 'fieldGroups': [{'_id': '64b99f270a92a5a806203676', 'fields': [{'validation': {'enum': []}, '_id': '64b99f270a92a5093b203677', 'label': 'Dust', 'fieldtype': 'switch', 'options': {'required': False, 'showOnRead': True, 'summary': False}, 'value': True}, {'validation': {'enum': []}, '_id': '64b99f270a92a50415203678', 'label': 'Sweep/Mop', 'fieldtype': 'switch', 'options': {'showOnRead': True, 'required': False, 'summary': False}, 'value': True}]}], 'canSkip': False, 'label': 'IDF/Server Room Tasks'}]",[],[],Point,"[-78.4103535, 35.619236]",Novo Nordisk - IFP,648a2d47085466793e9067d0,"[-78.41028749942781, 35.61856375617043]",Point,IDF/Server Room (1.68),64baec8751f8f11370bc4355,"['648a2d47085466793e9067d0', '64baec8751f8f11370bc4355']",[],IDF/Server Room (1.68) - Novo Nordisk - IFP,IDF/Server Room (1.68),"[-78.41028749942781, 35.61856375617043]",Point,[],64788f940b7634da94ffdcbd/pdfs/2024-02-29/1709216534012-task-65e09315d8fc00f3b0878b5b.pdf,2024-02-29T14:22:14.730Z,100,still,[],"[-78.41034252571012, 35.618572983462364]",100,still,Point,64b99f270a92a54428203674,IDF/Server Room Tasks
[],65e09195d8fc00fd72858430,IDF/Server Room Tasks,648a2d470854666c3a9067d8,64baef6051f8f1d9d8bfb3b6,F6B1B682-DC40-4E48-B3C6-51F031BA1747,648a2d470854666c3a9067d8,64baef6051f8f1d9d8bfb3b6,64b157f4f6f8cdfe96966d68,clt7b5xle001r0b2mc0bdadky,64788f940b7634da94ffdcbd,64788f940b763433c9ffdcc2,2024-02-29T14:15:49.966Z,America/New_York,0.020317907784402758,2024-02-29T14:15:49.989Z,2024-02-29T14:15:51.440Z,00002214,IDF/Server Room Tasks 00002214,0,100,on_foot,3612,Powhatan Road,Johnston County,North Carolina,27527,USA,us,"Powhatan Road, North Carolina","Powhatan Road, North Carolina",[],"[-78.41036260128023, 35.6193577184542]",Point,"[{'repeatable': 1, '_id': '64b99f270a92a5333e203675', 'fieldGroups': [{'_id': '64b99f270a92a5a806203676', 'fields': [{'validation': {'enum': []}, '_id': '64b99f270a92a5093b203677', 'label': 'Dust', 'fieldtype': 'switch', 'options': {'required': False, 'showOnRead': True, 'summary': False}, 'value': True}, {'validation': {'enum': []}, '_id': '64b99f270a92a50415203678', 'label': 'Sweep/Mop', 'fieldtype': 'switch', 'options': {'showOnRead': True, 'required': False, 'summary': False}, 'value': True}]}], 'canSkip': False, 'label': 'IDF/Server Room Tasks'}]",[],[],Point,"[-78.4103535, 35.619236]",Novo Nordisk - IFP,648a2d47085466793e9067d0,"[-78.41036260128023, 35.6193577184542]",Point,IDF/Server Room (7.14),64baef6051f8f1bd83bfb370,"['648a2d47085466793e9067d0', '64baef6051f8f1bd83bfb370']",[],IDF/Server Room (7.14) - Novo Nordisk - IFP,IDF/Server Room (7.14),"[-78.41036260128023, 35.6193577184542]",Point,[],64788f940b7634da94ffdcbd/pdfs/2024-02-29/1709216150692-task-65e09195d8fc00fd72858430.pdf,2024-02-29T14:15:51.440Z,100,on_foot,[],"[-78.41019115999772, 35.61947589232382]",100,on_foot,Point,64b99f270a92a54428203674,IDF/Server Room Tasks
[],65e09116d8fc00473f84d5dd,IDF/Server Room Tasks,648a2d470854666c3a9067d8,64baef9c51f8f1484fbffd93,F6B1B682-DC40-4E48-B3C6-51F031BA1747,648a2d470854666c3a9067d8,64baef9c51f8f1484fbffd93,64b157f4f6f8cdfe96966d68,clt7b37bc001p0b2moxil0c25,64788f940b7634da94ffdcbd,64788f940b763433c9ffdcc2,2024-02-29T14:13:42.909Z,America/New_York,0.02094900080530746,2024-02-29T14:13:43.060Z,2024-02-29T14:13:44.961Z,00002213,IDF/Server Room Tasks 00002213,0,100,on_foot,3612,Powhatan Road,Johnston County,North Carolina,27527,USA,us,"Powhatan Road, North Carolina","Powhatan Road, North Carolina",[],"[-78.4103035926819, 35.61968263706153]",Point,"[{'repeatable': 1, '_id': '64b99f270a92a5333e203675', 'fieldGroups': [{'_id': '64b99f270a92a5a806203676', 'fields': [{'validation': {'enum': []}, '_id': '64b99f270a92a5093b203677', 'label': 'Dust', 'fieldtype': 'switch', 'options': {'required': False, 'showOnRead': True, 'summary': False}, 'value': True}, {'validation': {'enum': []}, '_id': '64b99f270a92a50415203678', 'label': 'Sweep/Mop', 'fieldtype': 'switch', 'options': {'showOnRead': True, 'required': False, 'summary': False}, 'value': True}]}], 'canSkip': False, 'label': 'IDF/Server Room Tasks'}]",[],[],Point,"[-78.4103535, 35.619236]",Novo Nordisk - IFP,648a2d47085466793e9067d0,"[-78.4103035926819, 35.61968263706153]",Point,IDF/Server Room (8.07),64baef9a51f8f1f742bff9e6,"['648a2d47085466793e9067d0', '64baef9a51f8f1f742bff9e6']",[],IDF/Server Room (8.07) - Novo Nordisk - IFP,IDF/Server Room (8.07),"[-78.4103035926819, 35.61968263706153]",Point,[],64788f940b7634da94ffdcbd/pdfs/2024-02-29/1709216024286-task-65e09116d8fc00473f84d5dd.pdf,2024-02-29T14:13:44.961Z,100,on_foot,[],"[-78.41013493232356, 35.61981185212195]",100,on_foot,Point,64b99f270a92a54428203674,IDF/Server Room Tasks
[],65e09056d8fc00745b83c0b4,IDF/Server Room Tasks,648a2d470854666c3a9067d8,64baf00d51f8f12247c09007,F6B1B682-DC40-4E48-B3C6-51F031BA1747,648a2d470854666c3a9067d8,64baf00d51f8f12247c09007,64b157f4f6f8cdfe96966d68,clt7az2yt001j0b2msomzjv6y,64788f940b7634da94ffdcbd,64788f940b763433c9ffdcc2,2024-02-29T14:10:30.282Z,America/New_York,0.027237249601975162,2024-02-29T14:10:30.305Z,2024-02-29T14:10:31.812Z,00002210,IDF/Server Room Tasks 00002210,0,100,on_foot,3612,Powhatan Road,Johnston County,North Carolina,27527,USA,us,"Powhatan Road, North Carolina","Powhatan Road, North Carolina",[],"[-78.40941846370697, 35.61978952805411]",Point,"[{'repeatable': 1, '_id': '64b99f270a92a5333e203675', 'fieldGroups': [{'_id': '64b99f270a92a5a806203676', 'fields': [{'validation': {'enum': []}, '_id': '64b99f270a92a5093b203677', 'label': 'Dust', 'fieldtype': 'switch', 'options': {'required': False, 'showOnRead': True, 'summary': False}, 'value': True}, {'validation': {'enum': []}, '_id': '64b99f270a92a50415203678', 'label': 'Sweep/Mop', 'fieldtype': 'switch', 'options': {'showOnRead': True, 'required': False, 'summary': False}, 'value': True}]}], 'canSkip': False, 'label': 'IDF/Server Room Tasks'}]",[],[],Point,"[-78.4103535, 35.619236]",Novo Nordisk - IFP,648a2d47085466793e9067d0,"[-78.40941846370697, 35.61978952805411]",Point,IDF/Server Room (8.68),64baf00b51f8f13b11c08db3,"['648a2d47085466793e9067d0', '64baf00b51f8f13b11c08db3']",[],IDF/Server Room (8.68) - Novo Nordisk - IFP,IDF/Server Room (8.68),"[-78.40941846370697, 35.61978952805411]",Point,[],64788f940b7634da94ffdcbd/pdfs/2024-02-29/1709215831180-task-65e09056d8fc00745b83c0b4.pdf,2024-02-29T14:10:31.812Z,100,on_foot,[],"[-78.40968961696619, 35.61968268539394]",100,on_foot,Point,64b99f270a92a54428203674,IDF/Server Room Tasks
[],65e0901b8a3c2d40671d5a48,IDF/Server Room Tasks,648a2d470854666c3a9067d8,64baf02394b97f048095edf2,F6B1B682-DC40-4E48-B3C6-51F031BA1747,648a2d470854666c3a9067d8,64baf02394b97f048095edf2,64b157f4f6f8cdfe96966d68,clt7axtvj001h0b2m57aoj3vj,64788f940b7634da94ffdcbd,64788f940b763433c9ffdcc2,2024-02-29T14:09:31.873Z,America/New_York,0.0228985787813902,2024-02-29T14:09:31.963Z,2024-02-29T14:09:33.807Z,00002209,IDF/Server Room Tasks 00002209,0,100,on_foot,,Powhatan Road,Johnston County,North Carolina,27527,USA,us,"Powhatan Road, North Carolina","Powhatan Road, North Carolina",[],"[-78.40926289558412, 35.62003151663036]",Point,"[{'repeatable': 1, '_id': '64b99f270a92a5333e203675', 'fieldGroups': [{'_id': '64b99f270a92a5a806203676', 'fields': [{'validation': {'enum': []}, '_id': '64b99f270a92a5093b203677', 'label': 'Dust', 'fieldtype': 'switch', 'options': {'required': False, 'showOnRead': True, 'summary': False}, 'value': True}, {'validation': {'enum': []}, '_id': '64b99f270a92a50415203678', 'label': 'Sweep/Mop', 'fieldtype': 'switch', 'options': {'showOnRead': True, 'required': False, 'summary': False}, 'value': True}]}], 'canSkip': False, 'label': 'IDF/Server Room Tasks'}]",[],[],Point,"[-78.4103535, 35.619236]",Novo Nordisk - IFP,648a2d47085466793e9067d0,"[-78.40926289558412, 35.62003151663036]",Point,IDF/Server Room (8.74),64baf02294b97f64e595ed9d,"['648a2d47085466793e9067d0', '64baf02294b97f64e595ed9d']",[],IDF/Server Room (8.74) - Novo Nordisk - IFP,IDF/Server Room (8.74),"[-78.40926289558412, 35.62003151663036]",Point,[],64788f940b7634da94ffdcbd/pdfs/2024-02-29/1709215773007-task-65e0901b8a3c2d40671d5a48.pdf,2024-02-29T14:09:33.807Z,100,on_foot,[],"[-78.40935030783812, 35.620224800634944]",100,on_foot,Point,64b99f270a92a54428203674,IDF/Server Room Tasks
[],65e08ef1d8fc002f9d8207e7,IDF/Server Room Tasks,648a2d470854666c3a9067d8,64baefbd51f8f12986c028c6,F6B1B682-DC40-4E48-B3C6-51F031BA1747,648a2d470854666c3a9067d8,64baefbd51f8f12986c028c6,64b157f4f6f8cdfe96966d68,clt7arfxg001d0b2mqzyap2q2,64788f940b7634da94ffdcbd,64788f940b763433c9ffdcc2,2024-02-29T14:04:33.896Z,America/New_York,0.024431930904386844,2024-02-29T14:04:33.913Z,2024-02-29T14:04:35.438Z,00002207,IDF/Server Room Tasks 00002207,0,33,still,3612,Powhatan Road,Johnston County,North Carolina,27527,USA,us,"Powhatan Road, North Carolina","Powhatan Road, North Carolina",[],"[-78.4101238846779, 35.62015585051709]",Point,"[{'repeatable': 1, '_id': '64b99f270a92a5333e203675', 'fieldGroups': [{'_id': '64b99f270a92a5a806203676', 'fields': [{'validation': {'enum': []}, '_id': '64b99f270a92a5093b203677', 'label': 'Dust', 'fieldtype': 'switch', 'options': {'required': False, 'showOnRead': True, 'summary': False}, 'value': True}, {'validation': {'enum': []}, '_id': '64b99f270a92a50415203678', 'label': 'Sweep/Mop', 'fieldtype': 'switch', 'options': {'showOnRead': True, 'required': False, 'summary': False}, 'value': True}]}], 'canSkip': False, 'label': 'IDF/Server Room Tasks'}]",[],[],Point,"[-78.4103535, 35.619236]",Novo Nordisk - IFP,648a2d47085466793e9067d0,"[-78.4101238846779, 35.62015585051709]",Point,IDF/Server Room (8.33),64baefbc51f8f1978fc02880,"['648a2d47085466793e9067d0', '64baefbc51f8f1978fc02880']",[],IDF/Server Room (8.33) - Novo Nordisk - IFP,IDF/Server Room (8.33),"[-78.4101238846779, 35.62015585051709]",Point,[],64788f940b7634da94ffdcbd/pdfs/2024-02-29/1709215474523-task-65e08ef1d8fc002f9d8207e7.pdf,2024-02-29T14:04:35.438Z,33,still,[],"[-78.41025446048415, 35.620348232497214]",33,still,Point,64b99f270a92a54428203674,IDF/Server Room Tasks
[],65e08dfad8fc00837d80cfbc,IDF/Server Room Tasks,648a2d470854666c3a9067d8,64baf1b594b97f7f2396df30,F6B1B682-DC40-4E48-B3C6-51F031BA1747,648a2d470854666c3a9067d8,64baf1b594b97f7f2396df30,64b157f4f6f8cdfe96966d68,clt7am3jr001b0b2m03s4tzmw,64788f940b7634da94ffdcbd,64788f940b763433c9ffdcc2,2024-02-29T14:00:26.678Z,America/New_York,0.00905843875710197,2024-02-29T14:00:27.017Z,2024-02-29T14:00:29.922Z,00002206,IDF/Server Room Tasks 00002206,0,100,on_foot,3612,Powhatan Road,Johnston County,North Carolina,27527,USA,us,"Powhatan Road, North Carolina","Powhatan Road, North Carolina",[],"[-78.41014014548819, 35.619675462750564]",Point,"[{'repeatable': 1, '_id': '64b99f270a92a5333e203675', 'fieldGroups': [{'_id': '64b99f270a92a5a806203676', 'fields': [{'validation': {'enum': []}, '_id': '64b99f270a92a5093b203677', 'label': 'Dust', 'fieldtype': 'switch', 'options': {'required': False, 'showOnRead': True, 'summary': False}, 'value': True}, {'validation': {'enum': []}, '_id': '64b99f270a92a50415203678', 'label': 'Sweep/Mop', 'fieldtype': 'switch', 'options': {'showOnRead': True, 'required': False, 'summary': False}, 'value': True}]}], 'canSkip': False, 'label': 'IDF/Server Room Tasks'}]",[],[],Point,"[-78.4103535, 35.619236]",Novo Nordisk - IFP,648a2d47085466793e9067d0,"[-78.41014014548819, 35.619675462750564]",Point,IDF/Server Room (9.48),64baf1b494b97fb35a96de80,"['648a2d47085466793e9067d0', '64baf1b494b97fb35a96de80']",[],IDF/Server Room (9.48) - Novo Nordisk - IFP,IDF/Server Room (9.48),"[-78.41014014548819, 35.619675462750564]",Point,[],64788f940b7634da94ffdcbd/pdfs/2024-02-29/1709215229246-task-65e08dfad8fc00837d80cfbc.pdf,2024-02-29T14:00:29.922Z,100,on_foot,[],"[-78.41018250027196, 35.61974929367716]",100,on_foot,Point,64b99f270a92a54428203674,IDF/Server Room Tasks
[],65e08ceed8fc0071737f4cca,IDF/Server Room Tasks,648a2d470854666c3a9067d8,64baf06b51f8f14feec1065d,F6B1B682-DC40-4E48-B3C6-51F031BA1747,648a2d470854666c3a9067d8,64baf06b51f8f14feec1065d,64b157f4f6f8cdfe96966d68,clt7age5500190b2m2rvbncn8,64788f940b7634da94ffdcbd,64788f940b763433c9ffdcc2,2024-02-29T13:55:58.851Z,America/New_York,0.01875653317708694,2024-02-29T13:55:58.951Z,2024-02-29T13:56:00.528Z,00002205,IDF/Server Room Tasks 00002205,0,100,on_foot,3612,Powhatan Road,Johnston County,North Carolina,27527,USA,us,"Powhatan Road, North Carolina","Powhatan Road, North Carolina",[],"[-78.41017484664918, 35.62015795069399]",Point,"[{'repeatable': 1, '_id': '64b99f270a92a5333e203675', 'fieldGroups': [{'_id': '64b99f270a92a5a806203676', 'fields': [{'validation': {'enum': []}, '_id': '64b99f270a92a5093b203677', 'label': 'Dust', 'fieldtype': 'switch', 'options': {'required': False, 'showOnRead': True, 'summary': False}, 'value': True}, {'validation': {'enum': []}, '_id': '64b99f270a92a50415203678', 'label': 'Sweep/Mop', 'fieldtype': 'switch', 'options': {'showOnRead': True, 'required': False, 'summary': False}, 'value': True}]}], 'canSkip': False, 'label': 'IDF/Server Room Tasks'}]",[],[],Point,"[-78.4103535, 35.619236]",Novo Nordisk - IFP,648a2d47085466793e9067d0,"[-78.41017484664918, 35.62015795069399]",Point,IDF/Server Room (9.05),64baf06951f8f16503c102e0,"['648a2d47085466793e9067d0', '64baf06951f8f16503c102e0']",[],IDF/Server Room (9.05) - Novo Nordisk - IFP,IDF/Server Room (9.05),"[-78.41017484664918, 35.62015795069399]",Point,[],64788f940b7634da94ffdcbd/pdfs/2024-02-29/1709214959938-task-65e08ceed8fc0071737f4cca.pdf,2024-02-29T13:56:00.528Z,100,on_foot,[],"[-78.4103675517854, 35.62009538558936]",100,on_foot,Point,64b99f270a92a54428203674,IDF/Server Room Tasks
[],65e08c22d8fc00396e7e25dc,IDF/Server Room Tasks,648a2d470854666c3a9067d8,64baf1d451f8f12ed2c2c1b8,F6B1B682-DC40-4E48-B3C6-51F031BA1747,648a2d470854666c3a9067d8,64baf1d451f8f12ed2c2c1b8,64b157f4f6f8cdfe96966d68,clt7ac0hc00170b2mkgo0am3y,64788f940b7634da94ffdcbd,64788f940b763433c9ffdcc2,2024-02-29T13:52:34.620Z,America/New_York,0.027345804118455077,2024-02-29T13:52:34.810Z,2024-02-29T13:52:36.683Z,00002204,IDF/Server Room Tasks 00002204,0,100,on_foot,3612,Powhatan Road,Johnston County,North Carolina,27527,USA,us,"Powhatan Road, North Carolina","Powhatan Road, North Carolina",[],"[-78.4096335936829, 35.6203998799404]",Point,"[{'repeatable': 1, '_id': '64b99f270a92a5333e203675', 'fieldGroups': [{'_id': '64b99f270a92a5a806203676', 'fields': [{'validation': {'enum': []}, '_id': '64b99f270a92a5093b203677', 'label': 'Dust', 'fieldtype': 'switch', 'options': {'required': False, 'showOnRead': True, 'summary': False}, 'value': True}, {'validation': {'enum': []}, '_id': '64b99f270a92a50415203678', 'label': 'Sweep/Mop', 'fieldtype': 'switch', 'options': {'showOnRead': True, 'required': False, 'summary': False}, 'value': True}]}], 'canSkip': False, 'label': 'IDF/Server Room Tasks'}]",[],[],Point,"[-78.4103535, 35.619236]",Novo Nordisk - IFP,648a2d47085466793e9067d0,"[-78.4096335936829, 35.6203998799404]",Point,IDF/Server Room (9.71),64baf1d351f8f18a35c2c0d5,"['648a2d47085466793e9067d0', '64baf1d351f8f18a35c2c0d5']",[],IDF/Server Room (9.71) - Novo Nordisk - IFP,IDF/Server Room (9.71),"[-78.4096335936829, 35.6203998799404]",Point,[],64788f940b7634da94ffdcbd/pdfs/2024-02-29/1709214755985-task-65e08c22d8fc00396e7e25dc.pdf,2024-02-29T13:52:36.683Z,100,on_foot,[],"[-78.40970517360927, 35.62063882363065]",100,on_foot,Point,64b99f270a92a54428203674,IDF/Server Room Tasks
[],65e08b5ad8fc002f267cf925,IDF/Server Room Tasks,648a2d470854666c3a9067d8,64baf1ee94b97f4efb96fd4c,F6B1B682-DC40-4E48-B3C6-51F031BA1747,648a2d470854666c3a9067d8,64baf1ee94b97f4efb96fd4c,64b157f4f6f8cdfe96966d68,clt7a7qhb00150b2mbgc4f2n6,64788f940b7634da94ffdcbd,64788f940b763433c9ffdcc2,2024-02-29T13:49:14.948Z,America/New_York,0.008792684941134844,2024-02-29T13:49:15.133Z,2024-02-29T13:49:16.933Z,00002203,IDF/Server Room Tasks 00002203,0,100,on_foot,,Powhatan Road,Johnston County,North Carolina,27527,USA,us,"Powhatan Road, North Carolina","Powhatan Road, North Carolina",[],"[-78.40923205018045, 35.62005775230336]",Point,"[{'repeatable': 1, '_id': '64b99f270a92a5333e203675', 'fieldGroups': [{'_id': '64b99f270a92a5a806203676', 'fields': [{'validation': {'enum': []}, '_id': '64b99f270a92a5093b203677', 'label': 'Dust', 'fieldtype': 'switch', 'options': {'required': False, 'showOnRead': True, 'summary': False}, 'value': True}, {'validation': {'enum': []}, '_id': '64b99f270a92a50415203678', 'label': 'Sweep/Mop', 'fieldtype': 'switch', 'options': {'showOnRead': True, 'required': False, 'summary': False}, 'value': True}]}], 'canSkip': False, 'label': 'IDF/Server Room Tasks'}]",[],[],Point,"[-78.4103535, 35.619236]",Novo Nordisk - IFP,648a2d47085466793e9067d0,"[-78.40923205018045, 35.62005775230336]",Point,IDF/Server Room (9.93),64baf1ed94b97f7a7496fcb9,"['648a2d47085466793e9067d0', '64baf1ed94b97f7a7496fcb9']",[],IDF/Server Room (9.93) - Novo Nordisk - IFP,IDF/Server Room (9.93),"[-78.40923205018045, 35.62005775230336]",Point,[],64788f940b7634da94ffdcbd/pdfs/2024-02-29/1709214556219-task-65e08b5ad8fc002f267cf925.pdf,2024-02-29T13:49:16.933Z,100,on_foot,[],"[-78.40927441543397, 35.620128933387086]",100,on_foot,Point,64b99f270a92a54428203674,IDF/Server Room Tasks
[],65e08a95d8fc0068eb7bdc5e,IDF/Server Room Tasks,648a2d470854666c3a9067d8,64baf15751f8f14a43c2274e,F6B1B682-DC40-4E48-B3C6-51F031BA1747,648a2d470854666c3a9067d8,64baf15751f8f14a43c2274e,64b157f4f6f8cdfe96966d68,clt7a3iwe00130b2m11anhk3p,64788f940b7634da94ffdcbd,64788f940b763433c9ffdcc2,2024-02-29T13:45:57.990Z,America/New_York,0.016263890261156985,2024-02-29T13:45:58.036Z,2024-02-29T13:45:59.464Z,00002202,IDF/Server Room Tasks 00002202,0,100,on_foot,3612,Powhatan Road,Johnston County,North Carolina,27527,USA,us,"Powhatan Road, North Carolina","Powhatan Road, North Carolina",[],"[-78.40949770199587, 35.61956570705202]",Point,"[{'repeatable': 1, '_id': '64b99f270a92a5333e203675', 'fieldGroups': [{'_id': '64b99f270a92a5a806203676', 'fields': [{'validation': {'enum': []}, '_id': '64b99f270a92a5093b203677', 'label': 'Dust', 'fieldtype': 'switch', 'options': {'required': False, 'showOnRead': True, 'summary': False}, 'value': True}, {'validation': {'enum': []}, '_id': '64b99f270a92a50415203678', 'label': 'Sweep/Mop', 'fieldtype': 'switch', 'options': {'showOnRead': True, 'required': False, 'summary': False}, 'value': True}]}], 'canSkip': False, 'label': 'IDF/Server Room Tasks'}]",[],[],Point,"[-78.4103535, 35.619236]",Novo Nordisk - IFP,648a2d47085466793e9067d0,"[-78.40949770199587, 35.61956570705202]",Point,IDF/Server Room (9.20),64baf15751f8f171d3c22722,"['648a2d47085466793e9067d0', '64baf15751f8f171d3c22722']",[],IDF/Server Room (9.20) - Novo Nordisk - IFP,IDF/Server Room (9.20),"[-78.40949770199587, 35.61956570705202]",Point,[],64788f940b7634da94ffdcbd/pdfs/2024-02-29/1709214358781-task-65e08a95d8fc0068eb7bdc5e.pdf,2024-02-29T13:45:59.464Z,100,on_foot,[],"[-78.40963442721095, 35.61966078744322]",100,on_foot,Point,64b99f270a92a54428203674,IDF/Server Room Tasks
[],65e089edd8fc009a1e7ae80e,IDF/Server Room Tasks,648a2d470854666c3a9067d8,64baeff051f8f173d3c06766,F6B1B682-DC40-4E48-B3C6-51F031BA1747,648a2d470854666c3a9067d8,64baeff051f8f173d3c06766,64b157f4f6f8cdfe96966d68,clt79zwr700110b2mgowxdrt7,64788f940b7634da94ffdcbd,64788f940b763433c9ffdcc2,2024-02-29T13:43:09.470Z,America/New_York,0.0027366642856937085,2024-02-29T13:43:09.542Z,2024-02-29T13:43:11.248Z,00002201,IDF/Server Room Tasks 00002201,0,100,on_foot,3612,Powhatan Road,Johnston County,North Carolina,27527,USA,us,"Powhatan Road, North Carolina","Powhatan Road, North Carolina",[],"[-78.40967181524321, 35.61940731221123]",Point,"[{'repeatable': 1, '_id': '64b99f270a92a5333e203675', 'fieldGroups': [{'_id': '64b99f270a92a5a806203676', 'fields': [{'validation': {'enum': []}, '_id': '64b99f270a92a5093b203677', 'label': 'Dust', 'fieldtype': 'switch', 'options': {'required': False, 'showOnRead': True, 'summary': False}, 'value': True}, {'validation': {'enum': []}, '_id': '64b99f270a92a50415203678', 'label': 'Sweep/Mop', 'fieldtype': 'switch', 'options': {'showOnRead': True, 'required': False, 'summary': False}, 'value': True}]}], 'canSkip': False, 'label': 'IDF/Server Room Tasks'}]",[],[],Point,"[-78.4103535, 35.619236]",Novo Nordisk - IFP,648a2d47085466793e9067d0,"[-78.40967181524321, 35.61940731221123]",Point,IDF/Server Room (8.59),64baefee51f8f137eac06456,"['648a2d47085466793e9067d0', '64baefee51f8f137eac06456']",[],IDF/Server Room (8.59) - Novo Nordisk - IFP,IDF/Server Room (8.59),"[-78.40967181524321, 35.61940731221123]",Point,[],64788f940b7634da94ffdcbd/pdfs/2024-02-29/1709214190500-task-65e089edd8fc009a1e7ae80e.pdf,2024-02-29T13:43:11.248Z,100,on_foot,[],"[-78.40964189615373, 35.61941107953698]",100,on_foot,Point,64b99f270a92a54428203674,IDF/Server Room Tasks
[],65e08900d8fc00107479936d,IDF/Server Room Tasks,648a2d470854666c3a9067d8,64be9e384f3c58dbf821f006,F6B1B682-DC40-4E48-B3C6-51F031BA1747,648a2d470854666c3a9067d8,64be9e384f3c58dbf821f006,64b157f4f6f8cdfe96966d68,clt79uu7z000z0b2mzbsxqbfc,64788f940b7634da94ffdcbd,64788f940b763433c9ffdcc2,2024-02-29T13:39:12.645Z,America/New_York,0.015716411750488594,2024-02-29T13:39:12.656Z,2024-02-29T13:39:14.259Z,00002200,IDF/Server Room Tasks 00002200,0,33,still,3612,Powhatan Road,Johnston County,North Carolina,27527,USA,us,"Powhatan Road, North Carolina","Powhatan Road, North Carolina",[],"[-78.41034454670991, 35.61841155628484]",Point,"[{'repeatable': 1, '_id': '64b99f270a92a5333e203675', 'fieldGroups': [{'_id': '64b99f270a92a5a806203676', 'fields': [{'validation': {'enum': []}, '_id': '64b99f270a92a5093b203677', 'label': 'Dust', 'fieldtype': 'switch', 'options': {'required': False, 'showOnRead': True, 'summary': False}, 'value': True}, {'validation': {'enum': []}, '_id': '64b99f270a92a50415203678', 'label': 'Sweep/Mop', 'fieldtype': 'switch', 'options': {'showOnRead': True, 'required': False, 'summary': False}, 'value': True}]}], 'canSkip': False, 'label': 'IDF/Server Room Tasks'}]",[],[],Point,"[-78.4103535, 35.619236]",Novo Nordisk - IFP,648a2d47085466793e9067d0,"[-78.41034454670991, 35.61841155628484]",Point,IDF/Server Room (7.04),64be9e384f3c583a2d21eef3,"['648a2d47085466793e9067d0', '64be9e384f3c583a2d21eef3']",[],IDF/Server Room (7.04) - Novo Nordisk - IFP,IDF/Server Room (7.04),"[-78.41034454670991, 35.61841155628484]",Point,[],64788f940b7634da94ffdcbd/pdfs/2024-02-29/1709213953376-task-65e08900d8fc00107479936d.pdf,2024-02-29T13:39:14.259Z,33,still,[],"[-78.41035320271564, 35.61855272191137]",33,still,Point,64b99f270a92a54428203674,IDF/Server Room Tasks
[],65e0877bd8fc004931776f28,IDF/Server Room Tasks,648a2d470854666c3a9067d8,64baeb0651f8f175a1ba642b,F6B1B682-DC40-4E48-B3C6-51F031BA1747,648a2d470854666c3a9067d8,64baeb0651f8f175a1ba642b,64b157f4f6f8cdfe96966d68,clt79mi0e000x0b2mtxu33lqq,64788f940b7634da94ffdcbd,64788f940b763433c9ffdcc2,2024-02-29T13:32:43.617Z,America/New_York,0.01316970542014299,2024-02-29T13:32:43.675Z,2024-02-29T13:32:45.161Z,00002199,IDF/Server Room Tasks 00002199,0,100,on_foot,3612,Powhatan Road,Johnston County,North Carolina,27527,USA,us,"Powhatan Road, North Carolina","Powhatan Road, North Carolina",[],"[-78.41054225918926, 35.61802238500181]",Point,"[{'repeatable': 1, '_id': '64b99f270a92a5333e203675', 'fieldGroups': [{'_id': '64b99f270a92a5a806203676', 'fields': [{'validation': {'enum': []}, '_id': '64b99f270a92a5093b203677', 'label': 'Dust', 'fieldtype': 'switch', 'options': {'required': False, 'showOnRead': True, 'summary': False}, 'value': True}, {'validation': {'enum': []}, '_id': '64b99f270a92a50415203678', 'label': 'Sweep/Mop', 'fieldtype': 'switch', 'options': {'showOnRead': True, 'required': False, 'summary': False}, 'value': True}]}], 'canSkip': False, 'label': 'IDF/Server Room Tasks'}]",[],[],Point,"[-78.4103535, 35.619236]",Novo Nordisk - IFP,648a2d47085466793e9067d0,"[-78.41054225918926, 35.61802238500181]",Point,"IDF/Server Room (0.42,0.43)",64baeb0651f8f19edeba63de,"['648a2d47085466793e9067d0', '64baeb0651f8f19edeba63de']",[],"IDF/Server Room (0.42,0.43) - Novo Nordisk - IFP","IDF/Server Room (0.42,0.43)","[-78.41054225918926, 35.61802238500181]",Point,[],64788f940b7634da94ffdcbd/pdfs/2024-02-29/1709213564380-task-65e0877bd8fc004931776f28.pdf,2024-02-29T13:32:45.161Z,100,on_foot,[],"[-78.41042055651828, 35.61808749679591]",100,on_foot,Point,64b99f270a92a54428203674,IDF/Server Room Tasks
[],65e08677d8fc0096af762d06,IDF/Server Room Tasks,648a2d470854666c3a9067d8,64baee0d94b97f4cf194fb5b,F6B1B682-DC40-4E48-B3C6-51F031BA1747,648a2d470854666c3a9067d8,64baee0d94b97f4cf194fb5b,64b157f4f6f8cdfe96966d68,clt79gx2g000v0b2m3mcaehfr,64788f940b7634da94ffdcbd,64788f940b763433c9ffdcc2,2024-02-29T13:28:23.193Z,America/New_York,0.013775789624175033,2024-02-29T13:28:23.235Z,2024-02-29T13:28:24.713Z,00002198,IDF/Server Room Tasks 00002198,0,100,on_foot,3612,Powhatan Road,Johnston County,North Carolina,27527,USA,us,"Powhatan Road, North Carolina","Powhatan Road, North Carolina",[],"[-78.41034650802614, 35.61834396661355]",Point,"[{'repeatable': 1, '_id': '64b99f270a92a5333e203675', 'fieldGroups': [{'_id': '64b99f270a92a5a806203676', 'fields': [{'validation': {'enum': []}, '_id': '64b99f270a92a5093b203677', 'label': 'Dust', 'fieldtype': 'switch', 'options': {'required': False, 'showOnRead': True, 'summary': False}, 'value': True}, {'validation': {'enum': []}, '_id': '64b99f270a92a50415203678', 'label': 'Sweep/Mop', 'fieldtype': 'switch', 'options': {'showOnRead': True, 'required': False, 'summary': False}, 'value': True}]}], 'canSkip': False, 'label': 'IDF/Server Room Tasks'}]",[],[],Point,"[-78.4103535, 35.619236]",Novo Nordisk - IFP,648a2d47085466793e9067d0,"[-78.41034650802614, 35.61834396661355]",Point,IDF/Server Room (4.01),64baee0c94b97f75f394faf0,"['648a2d47085466793e9067d0', '64baee0c94b97f75f394faf0']",[],IDF/Server Room (4.01) - Novo Nordisk - IFP,IDF/Server Room (4.01),"[-78.41034650802614, 35.61834396661355]",Point,[],64788f940b7634da94ffdcbd/pdfs/2024-02-29/1709213303985-task-65e08677d8fc0096af762d06.pdf,2024-02-29T13:28:24.713Z,100,on_foot,[],"[-78.4102049739821, 35.618389908944714]",100,on_foot,Point,64b99f270a92a54428203674,IDF/Server Room Tasks
[],65e085c7d8fc00c22f7549fd,IDF/Server Room Tasks,648a2d470854666c3a9067d8,64baedad51f8f1b4d8bdb496,F6B1B682-DC40-4E48-B3C6-51F031BA1747,648a2d470854666c3a9067d8,64baedad51f8f1b4d8bdb496,64b157f4f6f8cdfe96966d68,clt79d545000t0b2mf346crtr,64788f940b7634da94ffdcbd,64788f940b763433c9ffdcc2,2024-02-29T13:25:27.511Z,America/New_York,0.022275928019372372,2024-02-29T13:25:27.865Z,2024-02-29T13:25:29.826Z,00002197,IDF/Server Room Tasks 00002197,0,100,on_foot,3612,Powhatan Road,Johnston County,North Carolina,27527,USA,us,"Powhatan Road, North Carolina","Powhatan Road, North Carolina",[],"[-78.41059058904649, 35.61826526468997]",Point,"[{'repeatable': 1, '_id': '64b99f270a92a5333e203675', 'fieldGroups': [{'_id': '64b99f270a92a5a806203676', 'fields': [{'validation': {'enum': []}, '_id': '64b99f270a92a5093b203677', 'label': 'Dust', 'fieldtype': 'switch', 'options': {'required': False, 'showOnRead': True, 'summary': False}, 'value': True}, {'validation': {'enum': []}, '_id': '64b99f270a92a50415203678', 'label': 'Sweep/Mop', 'fieldtype': 'switch', 'options': {'showOnRead': True, 'required': False, 'summary': False}, 'value': True}]}], 'canSkip': False, 'label': 'IDF/Server Room Tasks'}]",[],[],Point,"[-78.4103535, 35.619236]",Novo Nordisk - IFP,648a2d47085466793e9067d0,"[-78.41059058904649, 35.61826526468997]",Point,IDF/Server Room (2.38),64baedad51f8f17580bdb47d,"['648a2d47085466793e9067d0', '64baedad51f8f17580bdb47d']",[],IDF/Server Room (2.38) - Novo Nordisk - IFP,IDF/Server Room (2.38),"[-78.41059058904649, 35.61826526468997]",Point,[],64788f940b7634da94ffdcbd/pdfs/2024-02-29/1709213129093-task-65e085c7d8fc00c22f7549fd.pdf,2024-02-29T13:25:29.826Z,100,on_foot,[],"[-78.41035125963445, 35.618313029327716]",100,on_foot,Point,64b99f270a92a54428203674,IDF/Server Room Tasks
[],65e084ed8a3c2d3e361bc82f,IDF/Server Room Tasks,648a2d470854666c3a9067d8,64baee9351f8f16ddfbeb9a5,F6B1B682-DC40-4E48-B3C6-51F031BA1747,648a2d470854666c3a9067d8,64baee9351f8f16ddfbeb9a5,64b157f4f6f8cdfe96966d68,clt798hi8000r0b2mompc8a9k,64788f940b7634da94ffdcbd,64788f940b763433c9ffdcc2,2024-02-29T13:21:49.876Z,America/New_York,0.023009125705783322,2024-02-29T13:21:49.898Z,2024-02-29T13:21:51.433Z,00002196,IDF/Server Room Tasks 00002196,0,33,still,3612,Powhatan Road,Johnston County,North Carolina,27527,USA,us,"Powhatan Road, North Carolina","Powhatan Road, North Carolina",[],"[-78.41126140127017, 35.61828534026099]",Point,"[{'repeatable': 1, '_id': '64b99f270a92a5333e203675', 'fieldGroups': [{'_id': '64b99f270a92a5a806203676', 'fields': [{'validation': {'enum': []}, '_id': '64b99f270a92a5093b203677', 'label': 'Dust', 'fieldtype': 'switch', 'options': {'required': False, 'showOnRead': True, 'summary': False}, 'value': True}, {'validation': {'enum': []}, '_id': '64b99f270a92a50415203678', 'label': 'Sweep/Mop', 'fieldtype': 'switch', 'options': {'showOnRead': True, 'required': False, 'summary': False}, 'value': True}]}], 'canSkip': False, 'label': 'IDF/Server Room Tasks'}]",[],[],Point,"[-78.4103535, 35.619236]",Novo Nordisk - IFP,648a2d47085466793e9067d0,"[-78.41126140127017, 35.61828534026099]",Point,IDF/Server Room (6.42),64baee9151f8f119c1beb682,"['648a2d47085466793e9067d0', '64baee9151f8f119c1beb682']",[],IDF/Server Room (6.42) - Novo Nordisk - IFP,IDF/Server Room (6.42),"[-78.41126140127017, 35.61828534026099]",Point,[],64788f940b7634da94ffdcbd/pdfs/2024-02-29/1709212910564-task-65e084ed8a3c2d3e361bc82f.pdf,2024-02-29T13:21:51.433Z,33,still,[],"[-78.41150555279235, 35.61834387401672]",33,still,Point,64b99f270a92a54428203674,IDF/Server Room Tasks
[],65e084d18a3c2d4f551bb4e5,IDF/Server Room Tasks,648a2d470854666c3a9067d8,64baee9351f8f16ddfbeb9a5,F6B1B682-DC40-4E48-B3C6-51F031BA1747,648a2d470854666c3a9067d8,64baee9351f8f16ddfbeb9a5,64b157f4f6f8cdfe96966d68,clt797vmv000p0b2mm88v8r1o,64788f940b7634da94ffdcbd,64788f940b763433c9ffdcc2,2024-02-29T13:21:21.397Z,America/New_York,0.028095064413772332,2024-02-29T13:21:21.418Z,2024-02-29T13:21:23.838Z,00002195,IDF/Server Room Tasks 00002195,0,100,on_foot,3612,Powhatan Road,Johnston County,North Carolina,27527,USA,us,"Powhatan Road, North Carolina","Powhatan Road, North Carolina",[],"[-78.41126140127017, 35.61828534026099]",Point,"[{'repeatable': 1, '_id': '64b99f270a92a5333e203675', 'fieldGroups': [{'_id': '64b99f270a92a5a806203676', 'fields': [{'validation': {'enum': []}, '_id': '64b99f270a92a5093b203677', 'label': 'Dust', 'fieldtype': 'switch', 'options': {'required': False, 'showOnRead': True, 'summary': False}, 'value': True}, {'validation': {'enum': []}, '_id': '64b99f270a92a50415203678', 'label': 'Sweep/Mop', 'fieldtype': 'switch', 'options': {'showOnRead': True, 'required': False, 'summary': False}, 'value': True}]}], 'canSkip': False, 'label': 'IDF/Server Room Tasks'}]",[],[],Point,"[-78.4103535, 35.619236]",Novo Nordisk - IFP,648a2d47085466793e9067d0,"[-78.41126140127017, 35.61828534026099]",Point,IDF/Server Room (6.42),64baee9151f8f119c1beb682,"['648a2d47085466793e9067d0', '64baee9151f8f119c1beb682']",[],IDF/Server Room (6.42) - Novo Nordisk - IFP,IDF/Server Room (6.42),"[-78.41126140127017, 35.61828534026099]",Point,[],64788f940b7634da94ffdcbd/pdfs/2024-02-29/1709212883176-task-65e084d18a3c2d4f551bb4e5.pdf,2024-02-29T13:21:23.838Z,100,on_foot,[],"[-78.41156305206485, 35.61834623658533]",100,on_foot,Point,64b99f270a92a54428203674,IDF/Server Room Tasks
[],65e084b1d8fc00087c73bb84,IDF/Server Room Tasks,648a2d470854666c3a9067d8,64baee9351f8f16ddfbeb9a5,F6B1B682-DC40-4E48-B3C6-51F031BA1747,648a2d470854666c3a9067d8,64baee9351f8f16ddfbeb9a5,64b157f4f6f8cdfe96966d68,clt79762k000n0b2mmj0tenvg,64788f940b7634da94ffdcbd,64788f940b763433c9ffdcc2,2024-02-29T13:20:49.037Z,America/New_York,0.029447138413818026,2024-02-29T13:20:49.394Z,2024-02-29T13:20:51.643Z,00002194,IDF/Server Room Tasks 00002194,0,100,on_foot,3612,Powhatan Road,Johnston County,North Carolina,27527,USA,us,"Powhatan Road, North Carolina","Powhatan Road, North Carolina",[],"[-78.41126140127017, 35.61828534026099]",Point,"[{'repeatable': 1, '_id': '64b99f270a92a5333e203675', 'fieldGroups': [{'_id': '64b99f270a92a5a806203676', 'fields': [{'validation': {'enum': []}, '_id': '64b99f270a92a5093b203677', 'label': 'Dust', 'fieldtype': 'switch', 'options': {'required': False, 'showOnRead': True, 'summary': False}, 'value': True}, {'validation': {'enum': []}, '_id': '64b99f270a92a50415203678', 'label': 'Sweep/Mop', 'fieldtype': 'switch', 'options': {'showOnRead': True, 'required': False, 'summary': False}, 'value': True}]}], 'canSkip': False, 'label': 'IDF/Server Room Tasks'}]",[],[],Point,"[-78.4103535, 35.619236]",Novo Nordisk - IFP,648a2d47085466793e9067d0,"[-78.41126140127017, 35.61828534026099]",Point,IDF/Server Room (6.42),64baee9151f8f119c1beb682,"['648a2d47085466793e9067d0', '64baee9151f8f119c1beb682']",[],IDF/Server Room (6.42) - Novo Nordisk - IFP,IDF/Server Room (6.42),"[-78.41126140127017, 35.61828534026099]",Point,[],64788f940b7634da94ffdcbd/pdfs/2024-02-29/1709212850931-task-65e084b1d8fc00087c73bb84.pdf,2024-02-29T13:20:51.643Z,100,on_foot,[],"[-78.41156752206665, 35.61837592433152]",100,on_foot,Point,64b99f270a92a54428203674,IDF/Server Room Tasks
[],65e0842fd8fc0017cf72fdd4,IDF/Server Room Tasks,648a2d470854666c3a9067d8,64be9e894f3c580c7522587a,F6B1B682-DC40-4E48-B3C6-51F031BA1747,648a2d470854666c3a9067d8,64be9e894f3c580c7522587a,64b157f4f6f8cdfe96966d68,clt794ew8000l0b2mvoozo6ln,64788f940b7634da94ffdcbd,64788f940b763433c9ffdcc2,2024-02-29T13:18:39.984Z,America/New_York,0.011047876086539168,2024-02-29T13:18:40.195Z,2024-02-29T13:18:42.075Z,00002193,IDF/Server Room Tasks 00002193,0,100,on_foot,3612,Powhatan Road,Johnston County,North Carolina,27527,USA,us,"Powhatan Road, North Carolina","Powhatan Road, North Carolina",[],"[-78.4112946689129, 35.618662609771825]",Point,"[{'repeatable': 1, '_id': '64b99f270a92a5333e203675', 'fieldGroups': [{'_id': '64b99f270a92a5a806203676', 'fields': [{'validation': {'enum': []}, '_id': '64b99f270a92a5093b203677', 'label': 'Dust', 'fieldtype': 'switch', 'options': {'required': False, 'showOnRead': True, 'summary': False}, 'value': True}, {'validation': {'enum': []}, '_id': '64b99f270a92a50415203678', 'label': 'Sweep/Mop', 'fieldtype': 'switch', 'options': {'showOnRead': True, 'required': False, 'summary': False}, 'value': True}]}], 'canSkip': False, 'label': 'IDF/Server Room Tasks'}]",[],[],Point,"[-78.4103535, 35.619236]",Novo Nordisk - IFP,648a2d47085466793e9067d0,"[-78.4112946689129, 35.618662609771825]",Point,IDF/Server Room (6.54),64be9e884f3c58cdf4225777,"['648a2d47085466793e9067d0', '64be9e884f3c58cdf4225777']",[],IDF/Server Room (6.54) - Novo Nordisk - IFP,IDF/Server Room (6.54),"[-78.4112946689129, 35.618662609771825]",Point,[],64788f940b7634da94ffdcbd/pdfs/2024-02-29/1709212721329-task-65e0842fd8fc0017cf72fdd4.pdf,2024-02-29T13:18:42.075Z,100,on_foot,[],"[-78.41137194095435, 35.61873958909807]",100,on_foot,Point,64b99f270a92a54428203674,IDF/Server Room Tasks
[],65e0838ed8fc00ba03722a41,IDF/Server Room Tasks,648a2d470854666c3a9067d8,64baee4651f8f11a51be62ff,F6B1B682-DC40-4E48-B3C6-51F031BA1747,648a2d470854666c3a9067d8,64baee4651f8f11a51be62ff,64b157f4f6f8cdfe96966d68,clt790ydl000j0b2mjvd520cf,64788f940b7634da94ffdcbd,64788f940b763433c9ffdcc2,2024-02-29T13:15:58.349Z,America/New_York,0.007237643786512666,2024-02-29T13:15:58.360Z,2024-02-29T13:15:59.835Z,00002192,IDF/Server Room Tasks 00002192,0,100,on_foot,3612,Powhatan Road,Johnston County,North Carolina,27527,USA,us,"Powhatan Road, North Carolina","Powhatan Road, North Carolina",[],"[-78.41144084930421, 35.61834286304683]",Point,"[{'repeatable': 1, '_id': '64b99f270a92a5333e203675', 'fieldGroups': [{'_id': '64b99f270a92a5a806203676', 'fields': [{'validation': {'enum': []}, '_id': '64b99f270a92a5093b203677', 'label': 'Dust', 'fieldtype': 'switch', 'options': {'required': False, 'showOnRead': True, 'summary': False}, 'value': True}, {'validation': {'enum': []}, '_id': '64b99f270a92a50415203678', 'label': 'Sweep/Mop', 'fieldtype': 'switch', 'options': {'showOnRead': True, 'required': False, 'summary': False}, 'value': True}]}], 'canSkip': False, 'label': 'IDF/Server Room Tasks'}]",[],[],Point,"[-78.4103535, 35.619236]",Novo Nordisk - IFP,648a2d47085466793e9067d0,"[-78.41144084930421, 35.61834286304683]",Point,IDF/Server Room (5.04),64baee4451f8f1fa31be5f8c,"['648a2d47085466793e9067d0', '64baee4451f8f1fa31be5f8c']",[],IDF/Server Room (5.04) - Novo Nordisk - IFP,IDF/Server Room (5.04),"[-78.41144084930421, 35.61834286304683]",Point,[],64788f940b7634da94ffdcbd/pdfs/2024-02-29/1709212559052-task-65e0838ed8fc00ba03722a41.pdf,2024-02-29T13:15:59.835Z,100,on_foot,[],"[-78.41151850309743, 35.61832699551187]",100,on_foot,Point,64b99f270a92a54428203674,IDF/Server Room Tasks
[],65e082ead8fc005a3971556f,IDF/Server Room Tasks,648a2d470854666c3a9067d8,64be92fc4f3c5813c313f84a,F6B1B682-DC40-4E48-B3C6-51F031BA1747,648a2d470854666c3a9067d8,64be92fc4f3c5813c313f84a,64b157f4f6f8cdfe96966d68,clt78xf7b000h0b2mnj7xz0b1,64788f940b7634da94ffdcbd,64788f940b763433c9ffdcc2,2024-02-29T13:13:14.260Z,America/New_York,0.008025814759413288,2024-02-29T13:13:14.833Z,2024-02-29T13:13:16.938Z,00002191,IDF/Server Room Tasks 00002191,0,100,unknown,3612,Powhatan Road,Johnston County,North Carolina,27527,USA,us,"Powhatan Road, North Carolina","Powhatan Road, North Carolina",[],"[-78.41116001347474, 35.61894140408958]",Point,"[{'repeatable': 1, '_id': '64b99f270a92a5333e203675', 'fieldGroups': [{'_id': '64b99f270a92a5a806203676', 'fields': [{'validation': {'enum': []}, '_id': '64b99f270a92a5093b203677', 'label': 'Dust', 'fieldtype': 'switch', 'options': {'required': False, 'showOnRead': True, 'summary': False}, 'value': True}, {'validation': {'enum': []}, '_id': '64b99f270a92a50415203678', 'label': 'Sweep/Mop', 'fieldtype': 'switch', 'options': {'showOnRead': True, 'required': False, 'summary': False}, 'value': True}]}], 'canSkip': False, 'label': 'IDF/Server Room Tasks'}]",[],[],Point,"[-78.4103535, 35.619236]",Novo Nordisk - IFP,648a2d47085466793e9067d0,"[-78.41116001347474, 35.61894140408958]",Point, IDF/Server Room (0.97),64be92fa4f3c58c3d713f587,"['648a2d47085466793e9067d0', '64be92fa4f3c58c3d713f587']",[], IDF/Server Room (0.97) - Novo Nordisk - IFP, IDF/Server Room (0.97),"[-78.41116001347474, 35.61894140408958]",Point,[],64788f940b7634da94ffdcbd/pdfs/2024-02-29/1709212396205-task-65e082ead8fc005a3971556f.pdf,2024-02-29T13:13:16.938Z,100,unknown,[],"[-78.41107261054071, 35.618928697838015]",100,unknown,Point,64b99f270a92a54428203674,IDF/Server Room Tasks
